"","model","epp"
"1","gbm_1001",0.264198973515332
"2","gbm_1002",0.346082809606952
"3","gbm_1003",-0.533559834002687
"4","gbm_1004",0.111473962585231
"5","gbm_1005",0.478310939900656
"6","gbm_1006",0.389696365044368
"7","gbm_1007",0.391282719320235
"8","gbm_1008",0.33487559217919
"9","gbm_1009",0.421043783028148
"10","gbm_1010",-0.15906704130378
"11","gbm_1011",0.465654354216874
"12","gbm_1012",0.49324285177959
"13","gbm_1013",-0.0443542072411005
"14","gbm_1014",0.0160423742822713
"15","gbm_1015",0.376727447810053
"16","gbm_1016",0.200388864556578
"17","gbm_1017",-0.0697454937753569
"18","gbm_1018",0.443106690220286
"19","gbm_1019",-0.130105279823072
"20","gbm_1020",0.381774802741377
"21","gbm_1021",0.452706052684631
"22","gbm_1022",0.433800705592073
"23","gbm_1023",0.244434391981006
"24","gbm_1024",0.205951719586178
"25","gbm_1025",0.517059780683547
"26","gbm_1026",0.49783848191195
"27","gbm_1027",0.143043985095759
"28","gbm_1028",0.514834908356428
"29","gbm_1029",0.333912182529916
"30","gbm_1030",0.491255172651384
"31","gbm_1031",-0.244364000109468
"32","gbm_1032",0.389004503345741
"33","gbm_1033",0.0897560787607256
"34","gbm_1034",0.288503089673851
"35","gbm_1035",0.561976679199245
"36","gbm_1036",0.280549885589864
"37","gbm_1037",-0.299999321131831
"38","gbm_1038",0.421968286960281
"39","gbm_1039",0.436283082414937
"40","gbm_1040",0.419006602883957
"41","gbm_1041",-0.127393896915075
"42","gbm_1042",0.510688457803476
"43","gbm_1043",0.171962489761047
"44","gbm_1044",0.231681076235855
"45","gbm_1045",0.191681983608809
"46","gbm_1046",0.450131853887864
"47","gbm_1047",0.0360977118861414
"48","gbm_1048",0.501327587463773
"49","gbm_1049",0.34279799713254
"50","gbm_1050",0.199414903705548
"51","gbm_1051",0.0601027248736594
"52","gbm_1052",0.206600763610617
"53","gbm_1053",0.0858921879164411
"54","gbm_1054",0.534856248147585
"55","gbm_1055",0.191234060276045
"56","gbm_1056",-0.101829705219135
"57","gbm_1057",0.0739157902467919
"58","gbm_1058",-0.0160517463430735
"59","gbm_1059",0.479114913003207
"60","gbm_1060",0.225394511519127
"61","gbm_1061",0.288395951126592
"62","gbm_1062",0.211969140809975
"63","gbm_1063",0.499778181463424
"64","gbm_1064",-0.00304541626282768
"65","gbm_1065",0.478620818250849
"66","gbm_1066",0.410913356517841
"67","gbm_1067",0.389210149977747
"68","gbm_1068",0.548969542068125
"69","gbm_1069",-0.00702328412184149
"70","gbm_1070",0.472395687321694
"71","gbm_1071",0.307439321287023
"72","gbm_1072",0.106980318867537
"73","gbm_1073",0.102193586334027
"74","gbm_1074",0.195532242088976
"75","gbm_1075",0.225841139974773
"76","gbm_1076",0.36908745215298
"77","gbm_1077",0.035329304744182
"78","gbm_1078",0.482591327713731
"79","gbm_1079",0.43014611315131
"80","gbm_1080",0.450340314470508
"81","gbm_1081",0.0279439077869746
"82","gbm_1082",0.31674491436051
"83","gbm_1083",0.477685524819092
"84","gbm_1084",0.456746530706458
"85","gbm_1085",0.356763044466141
"86","gbm_1086",0.452097578496477
"87","gbm_1087",-0.0846605593178832
"88","gbm_1088",0.250706974711404
"89","gbm_1089",0.181614237403713
"90","gbm_1090",0.475556818058621
"91","gbm_1091",0.475179898086497
"92","gbm_1092",0.247930385540963
"93","gbm_1093",0.430495712220833
"94","gbm_1094",0.361801333280982
"95","gbm_1095",0.489830518048706
"96","gbm_1096",0.275473345751691
"97","gbm_1097",0.175038850677888
"98","gbm_1098",0.0892412807492053
"99","gbm_1099",0.349079442190718
"100","gbm_1100",0.352224121415939
"101","gbm_1101",0.1322520783633
"102","gbm_1102",0.370357454454475
"103","gbm_1103",0.423503569040883
"104","gbm_1104",-0.18172011040736
"105","gbm_1105",0.241364332683758
"106","gbm_1106",0.282185361704938
"107","gbm_1107",0.198343315753378
"108","gbm_1108",0.19676905404521
"109","gbm_1109",0.215106622385241
"110","gbm_1110",0.352577427375049
"111","gbm_1111",0.338051631228669
"112","gbm_1112",0.194168380231156
"113","gbm_1113",0.408564732973846
"114","gbm_1114",0.455079494617599
"115","gbm_1115",0.333646589172684
"116","gbm_1116",0.164401874596067
"117","gbm_1117",0.134758314251433
"118","gbm_1118",0.393877245682784
"119","gbm_1119",0.485925784539115
"120","gbm_1120",0.438833041940944
"121","gbm_1121",0.117748128053359
"122","gbm_1122",0.274054323713352
"123","gbm_1123",-0.28738492210572
"124","gbm_1124",0.479016812465942
"125","gbm_1125",0.386165797988958
"126","gbm_1126",0.519710627256862
"127","gbm_1127",0.261470626518547
"128","gbm_1128",0.105663454015428
"129","gbm_1129",-0.313558634030694
"130","gbm_1130",0.400597533299402
"131","gbm_1131",0.417854134381617
"132","gbm_1132",0.188196544490895
"133","gbm_1133",0.137529001397766
"134","gbm_1134",0.49748602502439
"135","gbm_1135",0.451840037836816
"136","gbm_1136",0.435696818275428
"137","gbm_1137",0.192212909915131
"138","gbm_1138",0.354254996415643
"139","gbm_1139",0.490076469208542
"140","gbm_1140",0.465993211664385
"141","gbm_1141",0.401160484059801
"142","gbm_1142",0.298458449947035
"143","gbm_1143",0.376453913399179
"144","gbm_1144",0.204400263513891
"145","gbm_1145",0.0842081224525995
"146","gbm_1146",0.45086602461831
"147","gbm_1147",0.160458064527439
"148","gbm_1148",0.283129284079816
"149","gbm_1149",0.511045478839775
"150","gbm_1150",0.182739215731286
"151","gbm_1151",0.428313069008926
"152","gbm_1152",0.370563103309076
"153","gbm_1153",0.439823044319552
"154","gbm_1154",0.481716455894268
"155","gbm_1155",0.4916988291775
"156","gbm_1156",0.537714099931122
"157","gbm_1157",0.323553651243742
"158","gbm_1158",-0.127407527375947
"159","gbm_1159",0.553007876140796
"160","gbm_1160",0.0728935894343979
"161","gbm_1161",0.288841673874418
"162","gbm_1162",0.395198190933271
"163","gbm_1163",0.327640901161547
"164","gbm_1164",-0.0181720563607288
"165","gbm_1165",0.246252027105805
"166","gbm_1166",0.518005474033141
"167","gbm_1167",0.241430274384505
"168","gbm_1168",0.241449450605736
"169","gbm_1169",0.0676741589983685
"170","gbm_1170",0.450426699254447
"171","gbm_1171",0.538274632174088
"172","gbm_1172",0.214826677100969
"173","gbm_1173",0.175096222519975
"174","gbm_1174",0.288426528039155
"175","gbm_1175",0.170715583710301
"176","gbm_1176",0.182426768833611
"177","gbm_1177",0.505693099086945
"178","gbm_1178",0.495505844729082
"179","gbm_1179",-0.535333036738192
"180","gbm_1180",0.354372999907843
"181","gbm_1181",0.347402147179155
"182","gbm_1182",0.459741214547426
"183","gbm_1183",-0.036462695921755
"184","gbm_1184",0.185142548226982
"185","gbm_1185",0.219756389482483
"186","gbm_1186",0.457928304820306
"187","gbm_1187",0.450193636853105
"188","gbm_1188",0.46707767396916
"189","gbm_1189",-0.0738318797620161
"190","gbm_1190",0.516198765579326
"191","gbm_1191",0.41905919328653
"192","gbm_1192",0.00583549085205317
"193","gbm_1193",0.427808504200697
"194","gbm_1194",0.474520977157671
"195","gbm_1195",-0.166703569041813
"196","gbm_1196",-0.396029752762725
"197","gbm_1197",0.409333165855467
"198","gbm_1198",0.121761214238189
"199","gbm_1199",0.319464121764764
"200","gbm_1200",0.238812288914245
"201","gbm_1201",0.472754195514195
"202","gbm_1202",0.00339813076293084
"203","gbm_1203",0.333309067833445
"204","gbm_1204",0.306604644906008
"205","gbm_1205",0.519793213361441
"206","gbm_1206",0.429305581141778
"207","gbm_1207",0.199754833799604
"208","gbm_1208",0.575685358433983
"209","gbm_1209",0.0418976678430867
"210","gbm_1210",0.498640659932915
"211","gbm_1211",-0.00801047933255524
"212","gbm_1212",-0.059061321499047
"213","gbm_1213",0.397746569123488
"214","gbm_1214",0.41539018252837
"215","gbm_1215",0.374096732279537
"216","gbm_1216",0.165600937581659
"217","gbm_1217",-0.241623760859533
"218","gbm_1218",0.45306217835592
"219","gbm_1219",0.339058742959458
"220","gbm_1220",0.458637578272031
"221","gbm_1221",0.0283916887320878
"222","gbm_1222",-0.550245223343219
"223","gbm_1223",0.551035352458934
"224","gbm_1224",0.0626345352469314
"225","gbm_1225",0.37227942245393
"226","gbm_1226",0.270316547076737
"227","gbm_1227",-0.490709455168248
"228","gbm_1228",0.28456019274571
"229","gbm_1229",0.150032750854666
"230","gbm_1230",0.397328193517364
"231","gbm_1231",0.179409241842696
"232","gbm_1232",0.547720361999917
"233","gbm_1233",0.29094172468892
"234","gbm_1234",0.414064070701909
"235","gbm_1235",0.0280443734120661
"236","gbm_1236",0.214887670695996
"237","gbm_1237",0.44487277587361
"238","gbm_1238",0.0381729590216493
"239","gbm_1239",0.397465286869882
"240","gbm_1240",0.488163566170677
"241","gbm_1241",0.469922465970161
"242","gbm_1242",0.13592235687815
"243","gbm_1243",0.0182210232926589
"244","gbm_1244",-0.0655741723872411
"245","gbm_1245",0.409142534437935
"246","gbm_1246",0.182662038418223
"247","gbm_1247",0.541364314111013
"248","gbm_1248",-0.147862001594878
"249","gbm_1249",0.393293962991639
"250","gbm_1250",0.455493048559122
"251","gbm_1251",0.340755906114668
"252","gbm_1252",0.497619441837211
"253","gbm_1253",0.41458278349138
"254","gbm_1254",0.00847578812414456
"255","gbm_1255",0.216820172141
"256","gbm_1256",0.401621501089215
"257","gbm_1257",-0.910872674787679
"258","gbm_1258",0.346188062950744
"259","gbm_1259",0.565970751189737
"260","gbm_1260",0.537757337428807
"261","gbm_1261",0.331816533270005
"262","gbm_1262",0.245914247790089
"263","gbm_1263",0.368650651602566
"264","gbm_1264",0.393762050600016
"265","gbm_1265",0.053709371438086
"266","gbm_1266",0.218965730818119
"267","gbm_1267",0.215936100282947
"268","gbm_1268",0.296105833022948
"269","gbm_1269",0.195327878968586
"270","gbm_1270",-0.492803424377773
"271","gbm_1271",0.593737664094516
"272","gbm_1272",0.58991530372298
"273","gbm_1273",0.343079941799881
"274","gbm_1274",-0.0268187427861288
"275","gbm_1275",0.502993050245469
"276","gbm_1276",-0.0273226920630787
"277","gbm_1277",0.451880166906331
"278","gbm_1278",0.131121715639378
"279","gbm_1279",0.166370020863752
"280","gbm_1280",0.418940086667028
"281","gbm_1281",0.422642745787868
"282","gbm_1282",0.485215286540059
"283","gbm_1283",-0.674089024583748
"284","gbm_1284",0.10327128256333
"285","gbm_1285",0.493519690954373
"286","gbm_1286",0.383008384233726
"287","gbm_1287",0.358481123683712
"288","gbm_1288",-0.245606292583288
"289","gbm_1289",0.522106495114875
"290","gbm_1290",0.516478075881426
"291","gbm_1291",0.07815167922909
"292","gbm_1292",0.0294552088342415
"293","gbm_1293",0.285870911719571
"294","gbm_1294",0.411117587128401
"295","gbm_1295",0.432987401384303
"296","gbm_1296",-0.409081906128755
"297","gbm_1297",0.438050414094939
"298","gbm_1298",0.44981019632072
"299","gbm_1299",0.361604153330501
"300","gbm_1300",0.17838894671035
"301","gbm_1301",0.477835585394886
"302","gbm_1302",0.405751730169059
"303","gbm_1303",0.496184184224812
"304","gbm_1304",0.376806163049201
"305","gbm_1305",0.541144332936127
"306","gbm_1306",0.307738537120815
"307","gbm_1307",0.110282287130626
"308","gbm_1308",0.47431044417497
"309","gbm_1309",0.274537443874765
"310","gbm_1310",0.367075447685769
"311","gbm_1311",0.25728711306562
"312","gbm_1312",0.375359144747768
"313","gbm_1313",0.321413306748309
"314","gbm_1314",0.317316406535562
"315","gbm_1315",0.310468703625495
"316","gbm_1316",0.367332764518854
"317","gbm_1317",0.461067717268083
"318","gbm_1318",0.314851865243834
"319","gbm_1319",0.296013378560201
"320","gbm_1320",0.403371260331201
"321","gbm_1321",0.449914099475508
"322","gbm_1322",-0.111451539874417
"323","gbm_1323",0.0906322485742837
"324","gbm_1324",0.475485217858999
"325","gbm_1325",0.147036589651671
"326","gbm_1326",0.445289635999881
"327","gbm_1327",-0.151453438277554
"328","gbm_1328",0.173474874200552
"329","gbm_1329",0.425770993075882
"330","gbm_1330",0.13510173563834
"331","gbm_1331",0.392457752897419
"332","gbm_1332",0.26545289637648
"333","gbm_1333",0.309779674776424
"334","gbm_1334",0.452119563365529
"335","gbm_1335",0.376360831833152
"336","gbm_1336",0.18102792219436
"337","gbm_1337",0.286553943745332
"338","gbm_1338",0.0479100956623636
"339","gbm_1339",-0.0571965156867791
"340","gbm_1340",0.46656364946065
"341","gbm_1341",0.397336749456069
"342","gbm_1342",0.376774442941301
"343","gbm_1343",0.215613848455481
"344","gbm_1344",0.32561631071813
"345","gbm_1345",0.356349165031842
"346","gbm_1346",0.142930376511308
"347","gbm_1347",0.146917205252782
"348","gbm_1348",0.470135179457104
"349","gbm_1349",0.436263781926599
"350","gbm_1350",0.135716567735321
"351","gbm_1351",0.465147606372635
"352","gbm_1352",0.383993939870495
"353","gbm_1353",0.270921868928962
"354","gbm_1354",0.534136765071371
"355","gbm_1355",0.293337934696098
"356","gbm_1356",0.507130657408817
"357","gbm_1357",0.400384044379749
"358","gbm_1358",0.269302480785767
"359","gbm_1359",0.279428995931414
"360","gbm_1360",0.454974260193176
"361","gbm_1361",0.260805814033216
"362","gbm_1362",0.364173659831536
"363","gbm_1363",0.205348670097357
"364","gbm_1364",0.398685256175874
"365","gbm_1365",0.36626630104149
"366","gbm_1366",0.345973452156573
"367","gbm_1367",0.46343113407663
"368","gbm_1368",0.104094466701067
"369","gbm_1369",0.345080512846859
"370","gbm_1370",0.353923808123523
"371","gbm_1371",0.542017368749654
"372","gbm_1372",0.237121561398004
"373","gbm_1373",0.362665033034153
"374","gbm_1374",0.172733642637643
"375","gbm_1375",0.283237365212836
"376","gbm_1376",0.477600309281443
"377","gbm_1377",0.352423971888168
"378","gbm_1378",0.0510359261331581
"379","gbm_1379",0.260001672823971
"380","gbm_1380",0.261886701146524
"381","gbm_1381",0.515375768012704
"382","gbm_1382",-0.0752711274746116
"383","gbm_1383",0.406651488617116
"384","gbm_1384",-0.0608403773224667
"385","gbm_1385",0.0653707140378697
"386","gbm_1386",0.408395448162191
"387","gbm_1387",0.160827890994446
"388","gbm_1388",0.0428542673281459
"389","gbm_1389",0.12394406982271
"390","gbm_1390",0.493719281589352
"391","gbm_1391",0.486658304542855
"392","gbm_1392",0.377704263981521
"393","gbm_1393",0.460190307006706
"394","gbm_1394",0.563727282500752
"395","gbm_1395",0.468436964646973
"396","gbm_1396",0.431096228873903
"397","gbm_1397",0.499599874591297
"398","gbm_1398",0.247384414565315
"399","gbm_1399",0.610848688036505
"400","gbm_1400",0.39369366147752
"401","glmnet_1001",-7.23442063068106
"402","glmnet_1002",0.548179129491492
"403","glmnet_1003",-7.23452258007127
"404","glmnet_1004",-7.23462452528192
"405","glmnet_1005",-7.23472646278517
"406","glmnet_1006",0.531414640575469
"407","glmnet_1007",-7.23482838900027
"408","glmnet_1008",-7.23493031151617
"409","glmnet_1009",0.337288274219208
"410","glmnet_1010",-7.23503222224291
"411","glmnet_1011",-7.23513413033738
"412","glmnet_1012",-7.23523603143029
"413","glmnet_1013",0.485322263664928
"414","glmnet_1014",0.48258846771117
"415","glmnet_1015",0.509555729098314
"416","glmnet_1016",-7.23533791407049
"417","glmnet_1017",0.569998945823841
"418","glmnet_1018",0.327917252118702
"419","glmnet_1019",-7.23543979348717
"420","glmnet_1020",0.180543362103051
"421","glmnet_1021",-7.23554166921897
"422","glmnet_1022",0.533105230157397
"423","glmnet_1023",-1.32043043980459
"424","glmnet_1024",-0.394619484650315
"425","glmnet_1025",0.53942800418326
"426","glmnet_1026",-0.601514341377899
"427","glmnet_1027",-7.23564349487077
"428","glmnet_1028",0.535086248861263
"429","glmnet_1029",-7.23574535950493
"430","glmnet_1030",-7.23584722171253
"431","glmnet_1031",-7.23594907792963
"432","glmnet_1032",0.440537905355304
"433","glmnet_1033",0.538100558557342
"434","glmnet_1034",0.545060774477649
"435","glmnet_1035",0.239337918079765
"436","glmnet_1036",-7.23605091192904
"437","glmnet_1037",-7.23615275663435
"438","glmnet_1038",-7.23625459579071
"439","glmnet_1039",-7.2363564295464
"440","glmnet_1040",0.555327956855749
"441","glmnet_1041",-7.23645825442279
"442","glmnet_1042",-0.0425958243565614
"443","glmnet_1043",0.160161859442698
"444","glmnet_1044",-7.23656006595236
"445","glmnet_1045",-7.23666188442782
"446","glmnet_1046",0.395837445699342
"447","glmnet_1047",-7.23676369385807
"448","glmnet_1048",-7.23686550288849
"449","glmnet_1049",-7.23696730741994
"450","glmnet_1050",0.526403521037274
"451","glmnet_1051",-7.2370691038746
"452","glmnet_1052",0.417959171920485
"453","glmnet_1053",0.558007007239511
"454","glmnet_1054",-7.23717089210673
"455","glmnet_1055",0.370075398101649
"456","glmnet_1056",-7.2372726797277
"457","glmnet_1057",-7.23737446782001
"458","glmnet_1058",-7.23747625218066
"459","glmnet_1059",0.533526646885709
"460","glmnet_1060",0.236543167504468
"461","glmnet_1061",0.536109418250257
"462","glmnet_1062",-7.23757802061166
"463","glmnet_1063",0.558369436232366
"464","glmnet_1064",0.548545403768083
"465","glmnet_1065",-7.23767979073866
"466","glmnet_1066",-7.23778156487274
"467","glmnet_1067",-7.23788333589968
"468","glmnet_1068",0.295202769448479
"469","glmnet_1069",-7.2379850992981
"470","glmnet_1070",-7.23808686459233
"471","glmnet_1071",-1.03947887082776
"472","glmnet_1072",0.529264588760185
"473","glmnet_1073",-7.23818860714081
"474","glmnet_1074",-7.23829036735268
"475","glmnet_1075",0.367611917309617
"476","glmnet_1076",-7.23839212089592
"477","glmnet_1077",-7.23849387665012
"478","glmnet_1078",0.535731822058294
"479","glmnet_1079",0.561514441519579
"480","glmnet_1080",0.538405567980573
"481","glmnet_1081",-7.23859561944639
"482","glmnet_1082",-7.23869737139993
"483","glmnet_1083",-0.0623496580997478
"484","glmnet_1084",-7.23879911504552
"485","glmnet_1085",-7.23890086383999
"486","glmnet_1086",0.533055539365568
"487","glmnet_1087",-7.23900260759687
"488","glmnet_1088",-7.23910435388302
"489","glmnet_1089",-7.23920609915896
"490","glmnet_1090",0.531706513212836
"491","glmnet_1091",-7.23930783988857
"492","glmnet_1092",0.532622839087904
"493","glmnet_1093",-7.2394095799503
"494","glmnet_1094",-7.23951132320537
"495","glmnet_1095",0.222189363492358
"496","glmnet_1096",-7.23961306109726
"497","glmnet_1097",-7.2397148038419
"498","glmnet_1098",0.551811410808637
"499","glmnet_1099",-7.23981654295278
"500","glmnet_1100",-7.2399182858604
"501","glmnet_1101",0.542787263213709
"502","glmnet_1102",-7.24002002544231
"503","glmnet_1103",-7.24012176919378
"504","glmnet_1104",0.531141233921116
"505","glmnet_1105",-7.24022350992039
"506","glmnet_1106",-7.24032525520189
"507","glmnet_1107",-7.24042700150407
"508","glmnet_1108",-7.24052874900044
"509","glmnet_1109",-7.2406304978652
"510","glmnet_1110",-7.24073224827321
"511","glmnet_1111",-7.24083400040001
"512","glmnet_1112",-5.84435114394141
"513","glmnet_1113",-7.24097317958871
"514","glmnet_1114",-7.24107497557676
"515","glmnet_1115",0.539522639175596
"516","glmnet_1116",0.570562985588662
"517","glmnet_1117",-5.1563136377579
"518","glmnet_1118",-7.24119213067025
"519","glmnet_1119",0.547644586836431
"520","glmnet_1120",-7.24129393331347
"521","glmnet_1121",-7.24139574247946
"522","glmnet_1122",-7.24149755470565
"523","glmnet_1123",-7.24159937017354
"524","glmnet_1124",-0.404290233740711
"525","glmnet_1125",-7.24170117980283
"526","glmnet_1126",-7.24180300231538
"527","glmnet_1127",-7.2419048286184
"528","glmnet_1128",-7.24200665889624
"529","glmnet_1129",0.531723967362755
"530","glmnet_1130",-7.24210848964201
"531","glmnet_1131",0.538995695007567
"532","glmnet_1132",-7.24221032476685
"533","glmnet_1133",-7.24231216809549
"534","glmnet_1134",0.513541973031491
"535","glmnet_1135",-7.24241401238599
"536","glmnet_1136",-7.24251586534815
"537","glmnet_1137",0.158518938852215
"538","glmnet_1138",0.53166973930625
"539","glmnet_1139",-7.24261771438674
"540","glmnet_1140",-7.24271957774623
"541","glmnet_1141",0.354104271181033
"542","glmnet_1142",-7.2428214421861
"543","glmnet_1143",-7.24292331669576
"544","glmnet_1144",-7.24302519706383
"545","glmnet_1145",0.436190901301098
"546","glmnet_1146",0.306467298293232
"547","glmnet_1147",0.529291325813224
"548","glmnet_1148",-0.662719265888037
"549","glmnet_1149",-0.404342932882281
"550","glmnet_1150",0.540359767118902
"551","glmnet_1151",-7.24312704629642
"552","glmnet_1152",0.522593778593576
"553","glmnet_1153",-7.24322893529665
"554","glmnet_1154",-7.24333083446226
"555","glmnet_1155",-7.24343274026066
"556","glmnet_1156",-7.2435346528873
"557","glmnet_1157",-7.0091825471426
"558","glmnet_1158",-0.018764212075377
"559","glmnet_1159",-7.24369115153146
"560","glmnet_1160",0.495017340418385
"561","glmnet_1161",-7.24379309831021
"562","glmnet_1162",-7.2438950565206
"563","glmnet_1163",-0.0920659595742107
"564","glmnet_1164",-0.700118436790866
"565","glmnet_1165",0.530091520017319
"566","glmnet_1166",0.360168966902793
"567","glmnet_1167",0.563223051502704
"568","glmnet_1168",-0.0155529082838925
"569","glmnet_1169",-7.24399698542209
"570","glmnet_1170",-0.0847793383502445
"571","glmnet_1171",0.555983643516412
"572","glmnet_1172",-7.24409894914138
"573","glmnet_1173",-7.24420093143679
"574","glmnet_1174",-7.24430292213772
"575","glmnet_1175",0.542673644572811
"576","glmnet_1176",0.519200125796718
"577","glmnet_1177",-7.24440491407489
"578","glmnet_1178",-7.24450692220804
"579","glmnet_1179",-7.24460893935645
"580","glmnet_1180",-7.24471096572497
"581","glmnet_1181",-7.24481300151926
"582","glmnet_1182",0.571232881905193
"583","glmnet_1183",-7.24491504340556
"584","glmnet_1184",0.360870979230398
"585","glmnet_1185",-7.24501709432156
"586","glmnet_1186",-7.24511915964906
"587","glmnet_1187",-7.24522123523309
"588","glmnet_1188",-7.2453233212834
"589","glmnet_1189",0.0888436968844314
"590","glmnet_1190",-7.24542541231839
"591","glmnet_1191",-7.24552751994334
"592","glmnet_1192",-7.24562963866877
"593","glmnet_1193",0.214702183270751
"594","glmnet_1194",0.541763350418268
"595","glmnet_1195",-7.24573176003791
"596","glmnet_1196",-7.24583390161944
"597","glmnet_1197",0.522570444960439
"598","glmnet_1198",0.539688924506365
"599","glmnet_1199",-7.24593604758384
"600","glmnet_1200",-7.24603821287852
"601","glmnet_1201",-7.24614039034754
"602","glmnet_1202",-7.24624258020823
"603","glmnet_1203",-7.24634478267875
"604","glmnet_1204",0.475716057440841
"605","glmnet_1205",-7.24644699409347
"606","glmnet_1206",-7.24654922244849
"607","glmnet_1207",-7.24665146407309
"608","glmnet_1208",-7.2467537191889
"609","glmnet_1209",0.318649296819961
"610","glmnet_1210",-7.24685598348447
"611","glmnet_1211",-7.24695826625907
"612","glmnet_1212",-7.24706056319516
"613","glmnet_1213",0.528576328939374
"614","glmnet_1214",0.123044603173324
"615","glmnet_1215",-7.24716286533756
"616","glmnet_1216",-7.2472651912889
"617","glmnet_1217",0.141771379849901
"618","glmnet_1218",-0.592682234998641
"619","glmnet_1219",0.543768670388651
"620","glmnet_1220",-7.24736751195452
"621","glmnet_1221",0.540478307456644
"622","glmnet_1222",-7.24746986420378
"623","glmnet_1223",-7.24757223539643
"624","glmnet_1224",-0.459163017313366
"625","glmnet_1225",-7.24767461238116
"626","glmnet_1226",-7.24777701487112
"627","glmnet_1227",-7.24787943334947
"628","glmnet_1228",0.545371559877048
"629","glmnet_1229",-7.24798186442741
"630","glmnet_1230",-7.24808431558724
"631","glmnet_1231",-7.24818678343561
"632","glmnet_1232",0.530515088297226
"633","glmnet_1233",0.311754237871638
"634","glmnet_1234",-7.24828925997522
"635","glmnet_1235",-7.2483917619217
"636","glmnet_1236",-7.24849428126526
"637","glmnet_1237",-7.24859681824395
"638","glmnet_1238",-7.24869937309679
"639","glmnet_1239",-7.24880194606373
"640","glmnet_1240",0.557901459702747
"641","glmnet_1241",-7.24890453381194
"642","glmnet_1242",-7.24900714373712
"643","glmnet_1243",-7.24910977250204
"644","glmnet_1244",-7.24921242035051
"645","glmnet_1245",0.283004534549147
"646","glmnet_1246",-7.24931508284144
"647","glmnet_1247",-7.24941776960044
"648","glmnet_1248",-7.24952047618028
"649","glmnet_1249",0.443416959832514
"650","glmnet_1250",-7.24962319882969
"651","glmnet_1251",-7.24972594580245
"652","glmnet_1252",-7.24982871334223
"653","glmnet_1253",0.19095028926909
"654","glmnet_1254",0.54488515463043
"655","glmnet_1255",-7.24993149295503
"656","glmnet_1256",0.538843641235022
"657","glmnet_1257",-7.25003429875937
"658","glmnet_1258",0.180790878236647
"659","glmnet_1259",-7.25013712435177
"660","glmnet_1260",-7.25023997670737
"661","glmnet_1261",-7.2503428508937
"662","glmnet_1262",-7.25044574716654
"663","glmnet_1263",-7.25054866578267
"664","glmnet_1264",0.348786211993948
"665","glmnet_1265",-7.25065160261363
"666","glmnet_1266",-7.25075456669847
"667","glmnet_1267",-7.2508575539032
"668","glmnet_1268",-7.25096056448874
"669","glmnet_1269",-7.25106359871707
"670","glmnet_1270",-3.70016725004361
"671","glmnet_1271",0.351360100020277
"672","glmnet_1272",-7.25116632408583
"673","glmnet_1273",0.36123507848474
"674","glmnet_1274",-0.0713576370840532
"675","glmnet_1275",-7.25126939031722
"676","glmnet_1276",-7.25137249194796
"677","glmnet_1277",0.50289302751288
"678","glmnet_1278",-7.25147561449468
"679","glmnet_1279",0.0700561722215756
"680","glmnet_1280",0.00405801361737376
"681","glmnet_1281",-7.25157875383407
"682","glmnet_1282",0.17329324585563
"683","glmnet_1283",0.283974719839427
"684","glmnet_1284",0.246147572053376
"685","glmnet_1285",0.53375873475551
"686","glmnet_1286",-7.25168191195297
"687","glmnet_1287",-7.25178511397469
"688","glmnet_1288",-5.09237493160649
"689","glmnet_1289",0.526688074034737
"690","glmnet_1290",0.031325401941475
"691","glmnet_1291",0.57075965334888
"692","glmnet_1292",0.230626309267479
"693","glmnet_1293",0.520345523967693
"694","glmnet_1294",-7.25190115428414
"695","glmnet_1295",-7.25200441023949
"696","glmnet_1296",0.536062597352762
"697","glmnet_1297",-7.25210768888774
"698","glmnet_1298",-0.574724399977308
"699","glmnet_1299",-7.25221098690856
"700","glmnet_1300",0.175211935916699
"701","glmnet_1301",-7.2523143175113
"702","glmnet_1302",-7.25241768047877
"703","glmnet_1303",-0.0131834915057304
"704","glmnet_1304",0.532143120210073
"705","glmnet_1305",0.542974937598316
"706","glmnet_1306",-7.25252105735772
"707","glmnet_1307",-7.25262447549785
"708","glmnet_1308",-7.2527279216313
"709","glmnet_1309",-7.25283139603861
"710","glmnet_1310",-7.25293489900141
"711","glmnet_1311",0.528615507686918
"712","glmnet_1312",-7.25303842713813
"713","glmnet_1313",0.288434850695735
"714","glmnet_1314",0.23510993653281
"715","glmnet_1315",0.0187537590086706
"716","glmnet_1316",-0.700958775534625
"717","glmnet_1317",0.545517428620236
"718","glmnet_1318",-7.2531419565442
"719","glmnet_1319",-7.25324554692981
"720","glmnet_1320",-7.25334916700903
"721","glmnet_1321",0.301732207688285
"722","glmnet_1322",-7.25345281248656
"723","glmnet_1323",-7.25355649282416
"724","glmnet_1324",-7.25366020372098
"725","glmnet_1325",-7.25376394546787
"726","glmnet_1326",-7.25386771835688
"727","glmnet_1327",-7.25397152268121
"728","glmnet_1328",-7.25407535873528
"729","glmnet_1329",-7.25417922681467
"730","glmnet_1330",-7.25428312721616
"731","glmnet_1331",-7.25438706023774
"732","glmnet_1332",0.47612239531669
"733","glmnet_1333",-7.25449102232411
"734","glmnet_1334",-7.25459502149142
"735","glmnet_1335",-7.25469905418004
"736","glmnet_1336",-7.2548031206928
"737","glmnet_1337",0.537948225129853
"738","glmnet_1338",0.330610451548947
"739","glmnet_1339",-7.25490721326051
"740","glmnet_1340",-7.25501134834908
"741","glmnet_1341",-7.25511551817771
"742","glmnet_1342",0.344510879060663
"743","glmnet_1343",-7.25521971866741
"744","glmnet_1344",-7.25532395890832
"745","glmnet_1345",0.0173655759884076
"746","glmnet_1346",-7.25542822875997
"747","glmnet_1347",0.574583475521914
"748","glmnet_1348",0.174323276869369
"749","glmnet_1349",-7.25553253197574
"750","glmnet_1350",-7.2556368801789
"751","glmnet_1351",0.483810818239047
"752","glmnet_1352",-7.25574126116682
"753","glmnet_1353",0.539889900765369
"754","glmnet_1354",0.259828799381233
"755","glmnet_1355",-7.25584567452273
"756","glmnet_1356",0.530795222829894
"757","glmnet_1357",0.576026201459657
"758","glmnet_1358",-7.25595012637788
"759","glmnet_1359",-7.25605462293435
"760","glmnet_1360",0.420428850366905
"761","glmnet_1361",-7.2561591532997
"762","glmnet_1362",-7.25626372593308
"763","glmnet_1363",0.538394669415555
"764","glmnet_1364",-7.25636833346582
"765","glmnet_1365",-7.25647298346255
"766","glmnet_1366",-7.25657767262373
"767","glmnet_1367",0.238124491787021
"768","glmnet_1368",0.538836990039231
"769","glmnet_1369",-7.25668239279465
"770","glmnet_1370",0.556355656886862
"771","glmnet_1371",0.249646764203385
"772","glmnet_1372",-7.25678715291588
"773","glmnet_1373",0.189247252594182
"774","glmnet_1374",0.0410798813176505
"775","glmnet_1375",-7.25689195054725
"776","glmnet_1376",0.290711931282257
"777","glmnet_1377",0.132343731054766
"778","glmnet_1378",0.529815654170174
"779","glmnet_1379",0.181893093205009
"780","glmnet_1380",-7.25699678088246
"781","glmnet_1381",0.426834668914133
"782","glmnet_1382",-7.25710166682248
"783","glmnet_1383",0.553443362313517
"784","glmnet_1384",0.482720753260283
"785","glmnet_1385",-7.25720659056536
"786","glmnet_1386",0.225075658616408
"787","glmnet_1387",0.480863910771698
"788","glmnet_1388",-7.25731155442367
"789","glmnet_1389",0.528653724242621
"790","glmnet_1390",-0.0841809353755819
"791","glmnet_1391",-0.169624303965247
"792","glmnet_1392",-7.25741655126027
"793","glmnet_1393",0.373295749306332
"794","glmnet_1394",-7.25752160361096
"795","glmnet_1395",0.522640715706859
"796","glmnet_1396",-7.25762669903527
"797","glmnet_1397",-7.25773184095609
"798","glmnet_1398",0.520657397957387
"799","glmnet_1399",-7.25783702236384
"800","glmnet_1400",0.0196518681953188
"801","kknn_1001",-1.07963917052919
"802","kknn_1002",-1.56636118712159
"803","kknn_1003",-3.60083721692718
"804","kknn_1004",-0.842525086890197
"805","kknn_1005",-1.41845093438433
"806","kknn_1006",-1.70334182794182
"807","kknn_1007",-1.05518933188065
"808","kknn_1008",-0.822160215510242
"809","kknn_1009",-1.0796357907029
"810","kknn_1010",-1.14670250151733
"811","kknn_1011",-0.873890658778362
"812","kknn_1012",-1.44845838154888
"813","kknn_1013",-1.70333795273006
"814","kknn_1014",-0.842521189163261
"815","kknn_1015",-1.56635416144471
"816","kknn_1016",-1.21410712684167
"817","kknn_1017",-0.979067064815109
"818","kknn_1018",-0.822156319913052
"819","kknn_1019",-1.05518408680139
"820","kknn_1020",-1.14669795482975
"821","kknn_1021",-1.9270379358516
"822","kknn_1022",-1.44865673849649
"823","kknn_1023",-0.842517687865869
"824","kknn_1024",-0.797857154355481
"825","kknn_1025",-1.70333125637283
"826","kknn_1026",-1.56634824776473
"827","kknn_1027",-1.28582011277349
"828","kknn_1028",-1.56634713766307
"829","kknn_1029",-0.979062066910673
"830","kknn_1030",-2.5513477826009
"831","kknn_1031",-0.793343288241824
"832","kknn_1032",-1.44922154578085
"833","kknn_1033",-1.92703028902835
"834","kknn_1034",-0.822150327329761
"835","kknn_1035",-3.60080998578479
"836","kknn_1036",-1.41843509494326
"837","kknn_1037",-0.873880641646771
"838","kknn_1038",-0.767835537043311
"839","kknn_1039",-1.37149009626397
"840","kknn_1040",-1.14668905547721
"841","kknn_1041",-0.912022120462485
"842","kknn_1042",-0.822147309369205
"843","kknn_1043",-1.44921592765313
"844","kknn_1044",-1.70332022530742
"845","kknn_1045",-1.70331961913008
"846","kknn_1046",-0.912020129470511
"847","kknn_1047",-1.05517210399135
"848","kknn_1048",-1.2858100350191
"849","kknn_1049",-0.79333655061259
"850","kknn_1050",-1.56633518364363
"851","kknn_1051",-1.70331622537607
"852","kknn_1052",-2.55133075138021
"853","kknn_1053",-0.87387433750021
"854","kknn_1054",-1.05516912030498
"855","kknn_1055",-1.92701643607398
"856","kknn_1056",-0.873873173195793
"857","kknn_1057",-0.899242854088388
"858","kknn_1058",-1.07961440263119
"859","kknn_1059",-0.952351413969196
"860","kknn_1060",-0.82214040617361
"861","kknn_1061",-1.05516605254584
"862","kknn_1062",-1.47157871463824
"863","kknn_1063",-1.47157818691481
"864","kknn_1064",-2.55132228718406
"865","kknn_1065",-0.979047232799402
"866","kknn_1066",-1.92700966836528
"867","kknn_1067",-0.912011714571365
"868","kknn_1068",-0.952347749363815
"869","kknn_1069",-2.55131824652007
"870","kknn_1070",-0.899237716573816
"871","kknn_1071",-1.47157394942381
"872","kknn_1072",-0.822135909754972
"873","kknn_1073",-1.41841610007976
"874","kknn_1074",-1.44919970530821
"875","kknn_1075",-1.56632138950453
"876","kknn_1076",-3.60077403881502
"877","kknn_1077",-1.07960616729702
"878","kknn_1078",-1.44842397866547
"879","kknn_1079",-1.70329970237529
"880","kknn_1080",-1.28579450269959
"881","kknn_1081",-1.41841184408865
"882","kknn_1082",-1.44862530666622
"883","kknn_1083",-0.781100016744738
"884","kknn_1084",-1.32778588041169
"885","kknn_1085",-0.979038946791443
"886","kknn_1086",-1.4486232421018
"887","kknn_1087",-1.37146569672861
"888","kknn_1088",-1.92699526230358
"889","kknn_1089",-0.781097753840437
"890","kknn_1090",-1.11550170779715
"891","kknn_1091",-1.56631235550536
"892","kknn_1092",-0.793320466050831
"893","kknn_1093",-0.873858556876268
"894","kknn_1094",-1.21407053123771
"895","kknn_1095",-1.56631022569383
"896","kknn_1096",-0.793318901530995
"897","kknn_1097",-0.911999561013402
"898","kknn_1098",-2.55129597272343
"899","kknn_1099",-1.05514954322425
"900","kknn_1100",-0.873855777479443
"901","kknn_1101",-1.07959542474692
"902","kknn_1102",-1.05514820648905
"903","kknn_1103",-1.56630588847591
"904","kknn_1104",-1.2140657866816
"905","kknn_1105",-1.44918325661545
"906","kknn_1106",-0.899223139724035
"907","kknn_1107",-1.44918222612694
"908","kknn_1108",-0.952331122827501
"909","kknn_1109",-1.70328228599792
"910","kknn_1110",-0.842483993292841
"911","kknn_1111",-1.70328115099139
"912","kknn_1112",-1.44840594252848
"913","kknn_1113",-1.41839510631125
"914","kknn_1114",-1.05514285924932
"915","kknn_1115",-0.79782276341998
"916","kknn_1116",-1.28577669554894
"917","kknn_1117",-0.952327323572461
"918","kknn_1118",-0.911990874029122
"919","kknn_1119",-1.0139774372337
"920","kknn_1120",-1.11548794948522
"921","kknn_1121",-0.91198960617453
"922","kknn_1122",-0.793308700973095
"923","kknn_1123",-0.78108447902905
"924","kknn_1124",-1.0795849883048
"925","kknn_1125",-1.32776532095876
"926","kknn_1126",-1.44860220483374
"927","kknn_1127",-0.842477064663094
"928","kknn_1128",-0.952322573896957
"929","kknn_1129",-0.767801074698172
"930","kknn_1130",-1.37144379780037
"931","kknn_1131",-0.842475430826763
"932","kknn_1132",-0.822112214924248
"933","kknn_1133",-1.11548197814868
"934","kknn_1134",-1.4491681600538
"935","kknn_1135",-0.781079709202289
"936","kknn_1136",-0.899210563115312
"937","kknn_1137",-1.47153890874512
"938","kknn_1138",-3.6007284660482
"939","kknn_1139",-1.28576546761879
"940","kknn_1140",-1.21404857730392
"941","kknn_1141",-1.56628507405448
"942","kknn_1142",-1.44859381106536
"943","kknn_1143",-0.899207824141239
"944","kknn_1144",-1.11547699441177
"945","kknn_1145",-0.8221071446013
"946","kknn_1146",-1.37143561905977
"947","kknn_1147",-1.4183775153962
"948","kknn_1148",-1.41837699078071
"949","kknn_1149",-0.873835663365845
"950","kknn_1150",-3.60071582087848
"951","kknn_1151",-0.797808652999025
"952","kknn_1152",-0.842467178268942
"953","kknn_1153",-0.781072916904451
"954","kknn_1154",-0.842466360328333
"955","kknn_1155",-1.01396173052737
"956","kknn_1156",-1.07957061925716
"957","kknn_1157",-1.21404046137417
"958","kknn_1158",-1.21403998946777
"959","kknn_1159",-1.14663417627891
"960","kknn_1160",-1.47152658970931
"961","kknn_1161",-0.873830778095165
"962","kknn_1162",-1.14663277260455
"963","kknn_1163",-1.37142692384124
"964","kknn_1164",-0.767787555094296
"965","kknn_1165",-1.56627186736494
"966","kknn_1166",-1.11546686819549
"967","kknn_1167",-1.07956555226996
"968","kknn_1168",-0.911969930445851
"969","kknn_1169",-1.07956464851553
"970","kknn_1170",-1.0551177268521
"971","kknn_1171",-2.55124471237333
"972","kknn_1172",-0.767784481804272
"973","kknn_1173",-1.47151963311069
"974","kknn_1174",-0.911967470539017
"975","kknn_1175",-1.47151857465395
"976","kknn_1176",-1.47151802905845
"977","kknn_1177",-0.978999272317243
"978","kknn_1178",-0.793286636930773
"979","kknn_1179",-1.1466247788656
"980","kknn_1180",-2.55123801060698
"981","kknn_1181",-1.41835968660677
"982","kknn_1182",-0.899191619607067
"983","kknn_1183",-0.793284733225313
"984","kknn_1184",-0.767779827538203
"985","kknn_1185",-1.3277350798825
"986","kknn_1186",-0.822090729080518
"987","kknn_1187",-1.44856998314468
"988","kknn_1188",-3.60068499813932
"989","kknn_1189",-2.55122996935663
"990","kknn_1190",-0.873819047809268
"991","kknn_1191",-0.873818639195308
"992","kknn_1192",-2.55122744707977
"993","kknn_1193",-0.842450770663147
"994","kknn_1194",-0.793280631482362
"995","kknn_1195",-1.37141044410585
"996","kknn_1196",-0.781056205158011
"997","kknn_1197",-0.767774981263792
"998","kknn_1198",-1.21402075392555
"999","kknn_1199",-2.55122245489122
"1000","kknn_1200",-0.793278297775221
"1001","kknn_1201",-2.55122050975524
"1002","kknn_1202",-0.797788704118592
"1003","kknn_1203",-1.41834819486848
"1004","kknn_1204",-0.842446381682448
"1005","kknn_1205",-0.793276372330331
"1006","kknn_1206",-0.911954321307195
"1007","kknn_1207",-1.56624837865805
"1008","kknn_1208",-1.41834558638774
"1009","kknn_1209",-1.07954668181186
"1010","kknn_1210",-1.07954623304219
"1011","kknn_1211",-1.56624607355147
"1012","kknn_1212",-1.92691776843283
"1013","kknn_1213",-1.21401344947419
"1014","kknn_1214",-1.21401296973292
"1015","kknn_1215",-0.793272397474006
"1016","kknn_1216",-0.822078961092565
"1017","kknn_1217",-3.60065562297271
"1018","kknn_1218",-1.56624201502826
"1019","kknn_1219",-1.92691289804186
"1020","kknn_1220",-0.911948543355575
"1021","kknn_1221",-0.822077124832089
"1022","kknn_1222",-1.28572410127252
"1023","kknn_1223",-1.37139580552755
"1024","kknn_1224",-0.978979142737846
"1025","kknn_1225",-0.8220754736523
"1026","kknn_1226",-1.07953893005371
"1027","kknn_1227",-0.797778755074952
"1028","kknn_1228",-0.797778355080102
"1029","kknn_1229",-0.767762550225444
"1030","kknn_1230",-0.978976471861547
"1031","kknn_1231",-1.70321111060615
"1032","kknn_1232",-0.97897561141995
"1033","kknn_1233",-1.37139067423194
"1034","kknn_1234",-1.07953522238617
"1035","kknn_1235",-1.44854412924808
"1036","kknn_1236",-1.07953429638043
"1037","kknn_1237",-0.767759347957102
"1038","kknn_1238",-1.28571601508287
"1039","kknn_1239",-0.767758550156545
"1040","kknn_1240",-0.793262342101758
"1041","kknn_1241",-1.07953199277083
"1042","kknn_1242",-0.781037960828614
"1043","kknn_1243",-0.97897068131314
"1044","kknn_1244",-3.60063391359589
"1045","kknn_1245",-1.0795302525293
"1046","kknn_1246",-3.60062771357964
"1047","kknn_1247",-0.793259762193776
"1048","kknn_1248",-2.55118371684404
"1049","kknn_1249",-1.44910660556953
"1050","kknn_1250",-1.11542810518951
"1051","kknn_1251",-1.9268923882914
"1052","kknn_1252",-1.566222695365
"1053","kknn_1253",-1.2857084706873
"1054","kknn_1254",-1.32769973099379
"1055","kknn_1255",-3.60061401636008
"1056","kknn_1256",-0.767752276070437
"1057","kknn_1257",-1.01391686064498
"1058","kknn_1258",-0.793255558578279
"1059","kknn_1259",-1.56621864186321
"1060","kknn_1260",-1.1465867428546
"1061","kknn_1261",-0.873789872220083
"1062","kknn_1262",-1.47147109094827
"1063","kknn_1263",-0.899158005882656
"1064","kknn_1264",-1.115421493154
"1065","kknn_1265",-1.41831490590485
"1066","kknn_1266",-1.44832349542366
"1067","kknn_1267",-1.44852650625052
"1068","kknn_1268",-1.44852594709163
"1069","kknn_1269",-0.842419872358329
"1070","kknn_1270",-1.92687954248902
"1071","kknn_1271",-1.05507219298483
"1072","kknn_1272",-0.952261003046772
"1073","kknn_1273",-1.14658037592111
"1074","kknn_1274",-0.793249002710817
"1075","kknn_1275",-0.79324859864927
"1076","kknn_1276",-1.14657895798394
"1077","kknn_1277",-0.781024257085577
"1078","kknn_1278",-0.842416061397823
"1079","kknn_1279",-0.978954907845359
"1080","kknn_1280",-0.842415216123801
"1081","kknn_1281",-1.11541333543019
"1082","kknn_1282",-0.911921950606516
"1083","kknn_1283",-0.873780377649862
"1084","kknn_1284",-3.60059067497948
"1085","kknn_1285",-0.781021064186592
"1086","kknn_1286",-1.47145791954078
"1087","kknn_1287",-1.37136205159575
"1088","kknn_1288",-1.44851513632178
"1089","kknn_1289",-0.911919023250773
"1090","kknn_1290",-0.822048939330863
"1091","kknn_1291",-0.911918152517675
"1092","kknn_1292",-0.911917726768884
"1093","kknn_1293",-0.978948661348014
"1094","kknn_1294",-0.899144558697542
"1095","kknn_1295",-0.911916405673301
"1096","kknn_1296",-0.822046364395643
"1097","kknn_1297",-1.28568594992742
"1098","kknn_1298",-1.5661965242013
"1099","kknn_1299",-1.37135569496408
"1100","kknn_1300",-1.14656733810776
"1101","kknn_1301",-0.952248057581641
"1102","kknn_1302",-2.55114251082089
"1103","kknn_1303",-0.842405580879302
"1104","kknn_1304",-1.47144790405119
"1105","kknn_1305",-3.60057032669746
"1106","kknn_1306",-1.2139675268036
"1107","kknn_1307",-1.1154009636066
"1108","kknn_1308",-1.0795008243393
"1109","kknn_1309",-1.37135023372052
"1110","kknn_1310",-0.79323429175176
"1111","kknn_1311",-1.0550535810109
"1112","kknn_1312",-0.89913682995776
"1113","kknn_1313",-2.55113256692214
"1114","kknn_1314",-0.822039042984354
"1115","kknn_1315",-1.41828766042347
"1116","kknn_1316",-1.70315924678193
"1117","kknn_1317",-0.978937913892218
"1118","kknn_1318",-1.14655858362575
"1119","kknn_1319",-0.781007240456689
"1120","kknn_1320",-1.44829369787578
"1121","kknn_1321",-1.07949463119493
"1122","kknn_1322",-0.797740267491561
"1123","kknn_1323",-0.767725100346928
"1124","kknn_1324",-1.5661811765459
"1125","kknn_1325",-0.911903357279005
"1126","kknn_1326",-0.978933790062918
"1127","kknn_1327",-1.05504604450375
"1128","kknn_1328",-0.822033075353927
"1129","kknn_1329",-1.44849242482139
"1130","kknn_1330",-1.37133892231282
"1131","kknn_1331",-0.793225543061998
"1132","kknn_1332",-1.47143213574214
"1133","kknn_1333",-1.41827774883969
"1134","kknn_1334",-1.44848954984338
"1135","kknn_1335",-0.899126737196925
"1136","kknn_1336",-0.822029692068731
"1137","kknn_1337",-1.01388004259536
"1138","kknn_1338",-1.44848738503735
"1139","kknn_1339",-1.37133400109655
"1140","kknn_1340",-1.01387864272778
"1141","kknn_1341",-0.793221346833876
"1142","kknn_1342",-0.95222967585243
"1143","kknn_1343",-1.7031430288463
"1144","kknn_1344",-1.41827164195366
"1145","kknn_1345",-0.91189442089868
"1146","kknn_1346",-0.842387266514333
"1147","kknn_1347",-0.91189353863826
"1148","kknn_1348",-0.797729277991251
"1149","kknn_1349",-1.0794811366544
"1150","kknn_1350",-0.7677138456846
"1151","kknn_1351",-0.797728004033107
"1152","kknn_1352",-0.952225139271689
"1153","kknn_1353",-1.32764756138327
"1154","kknn_1354",-0.952224238179756
"1155","kknn_1355",-1.4714193149514
"1156","kknn_1356",-1.1465397451334
"1157","kknn_1357",-1.44847688027983
"1158","kknn_1358",-1.41826401462264
"1159","kknn_1359",-0.873747510349768
"1160","kknn_1360",-1.0550302435553
"1161","kknn_1361",-0.899115130719596
"1162","kknn_1362",-1.44827036238003
"1163","kknn_1363",-1.21393842111886
"1164","kknn_1364",-1.32764157170252
"1165","kknn_1365",-0.952219190148969
"1166","kknn_1366",-1.01386639376219
"1167","kknn_1367",-1.41825900737689
"1168","kknn_1368",-0.842377670611711
"1169","kknn_1369",-0.842377252762132
"1170","kknn_1370",-1.56615450646659
"1171","kknn_1371",-2.55109135958619
"1172","kknn_1372",-1.92681359134675
"1173","kknn_1373",-2.55108864537713
"1174","kknn_1374",-0.7977184602541
"1175","kknn_1375",-1.21393226543641
"1176","kknn_1376",-0.797717616095057
"1177","kknn_1377",-1.11536669923396
"1178","kknn_1378",-1.70312138513066
"1179","kknn_1379",-0.873738878251479
"1180","kknn_1380",-0.952212491873754
"1181","kknn_1381",-0.873738000958008
"1182","kknn_1382",-1.4714037332396
"1183","kknn_1383",-0.978907498540299
"1184","kknn_1384",-0.952210662524099
"1185","kknn_1385",-0.978906581141189
"1186","kknn_1386",-1.37130831448455
"1187","kknn_1387",-0.822007887178752
"1188","kknn_1388",-3.60050480634769
"1189","kknn_1389",-0.797712206822931
"1190","kknn_1390",-1.21392464101795
"1191","kknn_1391",-0.793200416295943
"1192","kknn_1392",-3.60049710274696
"1193","kknn_1393",-0.780976529462539
"1194","kknn_1394",-1.70311142405914
"1195","kknn_1395",-1.28563434475777
"1196","kknn_1396",-1.47139569767067
"1197","kknn_1397",-0.911871420441135
"1198","kknn_1398",-1.32762322898493
"1199","kknn_1399",-0.780974017762378
"1200","kknn_1400",-1.44824868779973
"1201","randomForest_1001",0.663862339826315
"1202","randomForest_1002",0.665711952864659
"1203","randomForest_1003",0.570956418184829
"1204","randomForest_1004",0.599631193863777
"1205","randomForest_1005",0.630758882740921
"1206","randomForest_1006",0.649933642279215
"1207","randomForest_1007",0.606918121989036
"1208","randomForest_1008",0.53168864045496
"1209","randomForest_1009",0.622430910884164
"1210","randomForest_1010",0.565996872124216
"1211","randomForest_1011",0.711888729378784
"1212","randomForest_1012",0.688193326277819
"1213","randomForest_1013",0.68058364150692
"1214","randomForest_1014",0.718899182040723
"1215","randomForest_1015",0.663822503483046
"1216","randomForest_1016",0.682446479299957
"1217","randomForest_1017",0.609071679554488
"1218","randomForest_1018",0.662294608430083
"1219","randomForest_1019",0.680937891867509
"1220","randomForest_1020",0.712483962695927
"1221","randomForest_1021",0.700221223016443
"1222","randomForest_1022",0.531847751167054
"1223","randomForest_1023",0.665853033836795
"1224","randomForest_1024",0.558507845754014
"1225","randomForest_1025",0.656734267667303
"1226","randomForest_1026",0.609820426243915
"1227","randomForest_1027",0.557509610925673
"1228","randomForest_1028",0.70051055677386
"1229","randomForest_1029",0.683782492018515
"1230","randomForest_1030",0.751976094587791
"1231","randomForest_1031",0.607880215549175
"1232","randomForest_1032",0.6698018596079
"1233","randomForest_1033",0.711694483958587
"1234","randomForest_1034",0.718162883239523
"1235","randomForest_1035",0.730800673432331
"1236","randomForest_1036",0.636690788378717
"1237","randomForest_1037",0.440507264676465
"1238","randomForest_1038",0.603325737527374
"1239","randomForest_1039",0.661669643612256
"1240","randomForest_1040",0.614901630136653
"1241","randomForest_1041",0.56398157929976
"1242","randomForest_1042",0.647484401761854
"1243","randomForest_1043",0.465166320129207
"1244","randomForest_1044",0.671162532043216
"1245","randomForest_1045",0.5661073969127
"1246","randomForest_1046",0.677354017448095
"1247","randomForest_1047",0.663690492823376
"1248","randomForest_1048",0.723769984945566
"1249","randomForest_1049",0.677829675252238
"1250","randomForest_1050",0.563998466941162
"1251","randomForest_1051",0.63042412106952
"1252","randomForest_1052",0.607382831811142
"1253","randomForest_1053",0.745810616910623
"1254","randomForest_1054",0.721598476472458
"1255","randomForest_1055",0.555083522177588
"1256","randomForest_1056",0.615384527016672
"1257","randomForest_1057",0.663508909592291
"1258","randomForest_1058",0.575183080391072
"1259","randomForest_1059",0.596726612033624
"1260","randomForest_1060",0.731729194298631
"1261","randomForest_1061",0.686906450070223
"1262","randomForest_1062",0.729497886789503
"1263","randomForest_1063",0.604126940795111
"1264","randomForest_1064",0.611238337448165
"1265","randomForest_1065",0.672440842424274
"1266","randomForest_1066",0.541982912130953
"1267","randomForest_1067",0.722948685549557
"1268","randomForest_1068",0.661093802924203
"1269","randomForest_1069",0.612093716255891
"1270","randomForest_1070",0.57688601378564
"1271","randomForest_1071",0.547596722005728
"1272","randomForest_1072",0.742690721862714
"1273","randomForest_1073",0.575852740299818
"1274","randomForest_1074",0.554744489283681
"1275","randomForest_1075",0.745274659987309
"1276","randomForest_1076",0.67662770160685
"1277","randomForest_1077",0.578447448408433
"1278","randomForest_1078",0.557131092078743
"1279","randomForest_1079",0.642583119997546
"1280","randomForest_1080",0.685264671640926
"1281","randomForest_1081",0.608672630857336
"1282","randomForest_1082",0.736463396276534
"1283","randomForest_1083",0.631703198674151
"1284","randomForest_1084",0.691247202991649
"1285","randomForest_1085",0.684068335361367
"1286","randomForest_1086",0.731276861979667
"1287","randomForest_1087",0.598639470366064
"1288","randomForest_1088",0.639167196372082
"1289","randomForest_1089",0.486718182809772
"1290","randomForest_1090",0.727002193100269
"1291","randomForest_1091",0.670657028604048
"1292","randomForest_1092",0.525735813157673
"1293","randomForest_1093",0.586226683308472
"1294","randomForest_1094",0.62035995469481
"1295","randomForest_1095",0.666211907215962
"1296","randomForest_1096",0.693396783539022
"1297","randomForest_1097",0.711369775806334
"1298","randomForest_1098",0.586951379619436
"1299","randomForest_1099",0.685562689767199
"1300","randomForest_1100",0.737680829324061
"1301","randomForest_1101",0.630769486964873
"1302","randomForest_1102",0.509877736944551
"1303","randomForest_1103",0.581838495890283
"1304","randomForest_1104",0.708221446434078
"1305","randomForest_1105",0.624985485176322
"1306","randomForest_1106",0.747421449295548
"1307","randomForest_1107",0.751019920559782
"1308","randomForest_1108",0.61080255388157
"1309","randomForest_1109",0.598064961763492
"1310","randomForest_1110",0.654334305485873
"1311","randomForest_1111",0.553357350594818
"1312","randomForest_1112",0.663679743430544
"1313","randomForest_1113",0.686294745935417
"1314","randomForest_1114",0.641052661015432
"1315","randomForest_1115",0.598066999355129
"1316","randomForest_1116",0.713418684703123
"1317","randomForest_1117",0.603135220354181
"1318","randomForest_1118",0.696853866863553
"1319","randomForest_1119",0.665325653730131
"1320","randomForest_1120",0.629625852941027
"1321","randomForest_1121",0.694060860870497
"1322","randomForest_1122",0.546438565306181
"1323","randomForest_1123",0.731934116852555
"1324","randomForest_1124",0.70015585088555
"1325","randomForest_1125",0.740818533092852
"1326","randomForest_1126",0.548735772761604
"1327","randomForest_1127",0.651820059782354
"1328","randomForest_1128",0.664235246718061
"1329","randomForest_1129",0.737256491301656
"1330","randomForest_1130",0.720269174438665
"1331","randomForest_1131",0.673680555257625
"1332","randomForest_1132",0.618659382204816
"1333","randomForest_1133",0.620200074918164
"1334","randomForest_1134",0.680825565829545
"1335","randomForest_1135",0.670449970334291
"1336","randomForest_1136",0.668090434360671
"1337","randomForest_1137",0.63341536078254
"1338","randomForest_1138",0.666278076179625
"1339","randomForest_1139",0.681286666668383
"1340","randomForest_1140",0.675028055477487
"1341","randomForest_1141",0.595741514039751
"1342","randomForest_1142",0.553542414736292
"1343","randomForest_1143",0.713459539511312
"1344","randomForest_1144",0.677548353844821
"1345","randomForest_1145",0.720769371200311
"1346","randomForest_1146",0.724453187981753
"1347","randomForest_1147",0.582927027558758
"1348","randomForest_1148",0.662882404457962
"1349","randomForest_1149",0.618842951489644
"1350","randomForest_1150",0.592518726605084
"1351","randomForest_1151",0.724836217484625
"1352","randomForest_1152",0.582371368487848
"1353","randomForest_1153",0.680595934940391
"1354","randomForest_1154",0.666386947398485
"1355","randomForest_1155",0.678821820163931
"1356","randomForest_1156",0.683451663769147
"1357","randomForest_1157",0.606903441063448
"1358","randomForest_1158",0.712453891505689
"1359","randomForest_1159",0.586103442323162
"1360","randomForest_1160",0.679910398554418
"1361","randomForest_1161",0.62253241149892
"1362","randomForest_1162",0.71328174069478
"1363","randomForest_1163",0.634082055847899
"1364","randomForest_1164",0.547129617589874
"1365","randomForest_1165",0.7128297564084
"1366","randomForest_1166",0.607383252990173
"1367","randomForest_1167",0.59625158574788
"1368","randomForest_1168",0.740998774098741
"1369","randomForest_1169",0.647541561875181
"1370","randomForest_1170",0.541834085071354
"1371","randomForest_1171",0.669245883409828
"1372","randomForest_1172",0.633480363513581
"1373","randomForest_1173",0.62919916371682
"1374","randomForest_1174",0.673853609450096
"1375","randomForest_1175",0.62896824066443
"1376","randomForest_1176",0.644592563315007
"1377","randomForest_1177",0.685641991817288
"1378","randomForest_1178",0.558571000404354
"1379","randomForest_1179",0.69358705134456
"1380","randomForest_1180",0.67457563832902
"1381","randomForest_1181",0.71779454014237
"1382","randomForest_1182",0.66802392848918
"1383","randomForest_1183",0.716766568309705
"1384","randomForest_1184",0.631071958849001
"1385","randomForest_1185",0.686263691154294
"1386","randomForest_1186",0.696277367627493
"1387","randomForest_1187",0.700221865819208
"1388","randomForest_1188",0.686670002417875
"1389","randomForest_1189",0.598788768175801
"1390","randomForest_1190",0.702126322175507
"1391","randomForest_1191",0.602612396309031
"1392","randomForest_1192",0.684327602676013
"1393","randomForest_1193",0.510356559714178
"1394","randomForest_1194",0.474232558727406
"1395","randomForest_1195",0.669494024538233
"1396","randomForest_1196",0.470832727670515
"1397","randomForest_1197",0.673700549074168
"1398","randomForest_1198",0.649496141308872
"1399","randomForest_1199",0.681394182599053
"1400","randomForest_1200",0.673562246811852
"1401","randomForest_1201",0.564002446565834
"1402","randomForest_1202",0.587758211573666
"1403","randomForest_1203",0.605173029335414
"1404","randomForest_1204",0.688619995151632
"1405","randomForest_1205",0.593530009075024
"1406","randomForest_1206",0.640113703453768
"1407","randomForest_1207",0.614474237267244
"1408","randomForest_1208",0.654900940973412
"1409","randomForest_1209",0.719058562975722
"1410","randomForest_1210",0.740893130501339
"1411","randomForest_1211",0.593751162832603
"1412","randomForest_1212",0.690431884587319
"1413","randomForest_1213",0.587660225477068
"1414","randomForest_1214",0.647638078649538
"1415","randomForest_1215",0.712660423095365
"1416","randomForest_1216",0.7226857833882
"1417","randomForest_1217",0.566443288445535
"1418","randomForest_1218",0.614785235985817
"1419","randomForest_1219",0.683154213952328
"1420","randomForest_1220",0.615857011841042
"1421","randomForest_1221",0.602224657503948
"1422","randomForest_1222",0.578000211396053
"1423","randomForest_1223",0.681347386500702
"1424","randomForest_1224",0.673539911956904
"1425","randomForest_1225",0.63533733253025
"1426","randomForest_1226",0.719906570923064
"1427","randomForest_1227",0.526466763744833
"1428","randomForest_1228",0.633100112048024
"1429","randomForest_1229",0.544827778251842
"1430","randomForest_1230",0.706851392746008
"1431","randomForest_1231",0.625694338788371
"1432","randomForest_1232",0.624915862551089
"1433","randomForest_1233",0.741905032727578
"1434","randomForest_1234",0.45207239793179
"1435","randomForest_1235",0.674284572108159
"1436","randomForest_1236",0.724768464124974
"1437","randomForest_1237",0.681951079011906
"1438","randomForest_1238",0.604315788083323
"1439","randomForest_1239",0.671724554037214
"1440","randomForest_1240",0.565259612996387
"1441","randomForest_1241",0.658573417142016
"1442","randomForest_1242",0.690365798954811
"1443","randomForest_1243",0.54471071726868
"1444","randomForest_1244",0.708397689732075
"1445","randomForest_1245",0.572763808125587
"1446","randomForest_1246",0.663357605308322
"1447","randomForest_1247",0.580856568660752
"1448","randomForest_1248",0.725065924086467
"1449","randomForest_1249",0.716992134104541
"1450","randomForest_1250",0.662983007547462
"1451","randomForest_1251",0.588687240597174
"1452","randomForest_1252",0.495010561496784
"1453","randomForest_1253",0.631014063636946
"1454","randomForest_1254",0.598258191669448
"1455","randomForest_1255",0.525303571139556
"1456","randomForest_1256",0.674388703236502
"1457","randomForest_1257",0.742112460873381
"1458","randomForest_1258",0.669566666845864
"1459","randomForest_1259",0.618427907019497
"1460","randomForest_1260",0.672437000779529
"1461","randomForest_1261",0.605915926599386
"1462","randomForest_1262",0.710338923764647
"1463","randomForest_1263",0.619615754344294
"1464","randomForest_1264",0.626717723561771
"1465","randomForest_1265",0.590595812425962
"1466","randomForest_1266",0.729545896530014
"1467","randomForest_1267",0.671424765418364
"1468","randomForest_1268",0.602832935580523
"1469","randomForest_1269",0.570922394717826
"1470","randomForest_1270",0.670784427267944
"1471","randomForest_1271",0.484005352599825
"1472","randomForest_1272",0.670184657880416
"1473","randomForest_1273",0.544386946006002
"1474","randomForest_1274",0.573705547149268
"1475","randomForest_1275",0.667632846586535
"1476","randomForest_1276",0.747522126960398
"1477","randomForest_1277",0.580515754488388
"1478","randomForest_1278",0.705333861315385
"1479","randomForest_1279",0.715975951450107
"1480","randomForest_1280",0.637178973262677
"1481","randomForest_1281",0.590077206686328
"1482","randomForest_1282",0.689342113772522
"1483","randomForest_1283",0.484829927518633
"1484","randomForest_1284",0.63216136415968
"1485","randomForest_1285",0.632250996953368
"1486","randomForest_1286",0.649943934178801
"1487","randomForest_1287",0.752107597632071
"1488","randomForest_1288",0.690996034402319
"1489","randomForest_1289",0.62637236949882
"1490","randomForest_1290",0.706079538844286
"1491","randomForest_1291",0.753351166393425
"1492","randomForest_1292",0.697649900666827
"1493","randomForest_1293",0.59011987581251
"1494","randomForest_1294",0.637954808973863
"1495","randomForest_1295",0.538019874995343
"1496","randomForest_1296",0.686435414001418
"1497","randomForest_1297",0.727807670155797
"1498","randomForest_1298",0.666194248390376
"1499","randomForest_1299",0.51559441998333
"1500","randomForest_1300",0.465579992796461
"1501","randomForest_1301",0.661047726838308
"1502","randomForest_1302",0.64583206932182
"1503","randomForest_1303",0.552650068574056
"1504","randomForest_1304",0.704729861476329
"1505","randomForest_1305",0.680376260355354
"1506","randomForest_1306",0.611747108209334
"1507","randomForest_1307",0.62172769185547
"1508","randomForest_1308",0.522448447932035
"1509","randomForest_1309",0.58015564973068
"1510","randomForest_1310",0.741283098409907
"1511","randomForest_1311",0.576454569527882
"1512","randomForest_1312",0.624179154270736
"1513","randomForest_1313",0.72056947438127
"1514","randomForest_1314",0.603400810149979
"1515","randomForest_1315",0.710473506950524
"1516","randomForest_1316",0.563045485380344
"1517","randomForest_1317",0.630475400392799
"1518","randomForest_1318",0.728075982483021
"1519","randomForest_1319",0.631424976503637
"1520","randomForest_1320",0.667463116098866
"1521","randomForest_1321",0.550191869053956
"1522","randomForest_1322",0.643831961932107
"1523","randomForest_1323",0.568255694007537
"1524","randomForest_1324",0.718543109074825
"1525","randomForest_1325",0.728477253171598
"1526","randomForest_1326",0.565017513354748
"1527","randomForest_1327",0.611112439092831
"1528","randomForest_1328",0.749848006638034
"1529","randomForest_1329",0.685290567613626
"1530","randomForest_1330",0.694657380069726
"1531","randomForest_1331",0.57102818458919
"1532","randomForest_1332",0.587168358091642
"1533","randomForest_1333",0.571205009215601
"1534","randomForest_1334",0.666561143323293
"1535","randomForest_1335",0.733254603122298
"1536","randomForest_1336",0.665252225015753
"1537","randomForest_1337",0.751358886974753
"1538","randomForest_1338",0.719392912702768
"1539","randomForest_1339",0.63524977902496
"1540","randomForest_1340",0.596974274859997
"1541","randomForest_1341",0.611961005797646
"1542","randomForest_1342",0.669299689784512
"1543","randomForest_1343",0.626016145245905
"1544","randomForest_1344",0.60858763827045
"1545","randomForest_1345",0.60439933212929
"1546","randomForest_1346",0.608702112091913
"1547","randomForest_1347",0.701722620474217
"1548","randomForest_1348",0.685207014073758
"1549","randomForest_1349",0.683287152015591
"1550","randomForest_1350",0.664560850258456
"1551","randomForest_1351",0.728873217213831
"1552","randomForest_1352",0.693560771590168
"1553","randomForest_1353",0.671869892628949
"1554","randomForest_1354",0.572871054567523
"1555","randomForest_1355",0.559989204592074
"1556","randomForest_1356",0.670534482472458
"1557","randomForest_1357",0.657767598331894
"1558","randomForest_1358",0.613723208960055
"1559","randomForest_1359",0.664348451870383
"1560","randomForest_1360",0.663060511363948
"1561","randomForest_1361",0.631601414796526
"1562","randomForest_1362",0.674749826601248
"1563","randomForest_1363",0.597962309637957
"1564","randomForest_1364",0.754188425807876
"1565","randomForest_1365",0.65819198191205
"1566","randomForest_1366",0.622716855220279
"1567","randomForest_1367",0.717594007440294
"1568","randomForest_1368",0.664929045122427
"1569","randomForest_1369",0.646248628520797
"1570","randomForest_1370",0.579910764296813
"1571","randomForest_1371",0.689925637957908
"1572","randomForest_1372",0.64837111070666
"1573","randomForest_1373",0.753831204223518
"1574","randomForest_1374",0.515420709507333
"1575","randomForest_1375",0.616345731189317
"1576","randomForest_1376",0.557383457882161
"1577","randomForest_1377",0.558275277916765
"1578","randomForest_1378",0.579489137827442
"1579","randomForest_1379",0.658423501829111
"1580","randomForest_1380",0.686023473446526
"1581","randomForest_1381",0.627941738155843
"1582","randomForest_1382",0.645411439615501
"1583","randomForest_1383",0.726471374958824
"1584","randomForest_1384",0.718563893014927
"1585","randomForest_1385",0.564275085435545
"1586","randomForest_1386",0.686696109374046
"1587","randomForest_1387",0.736940763817359
"1588","randomForest_1388",0.662476997894151
"1589","randomForest_1389",0.587096077780495
"1590","randomForest_1390",0.684989517265455
"1591","randomForest_1391",0.603364711003122
"1592","randomForest_1392",0.716461685425592
"1593","randomForest_1393",0.664217162796623
"1594","randomForest_1394",0.604664787598828
"1595","randomForest_1395",0.677819372050474
"1596","randomForest_1396",0.719243570368935
"1597","randomForest_1397",0.614860477184081
"1598","randomForest_1398",0.659997132950732
"1599","randomForest_1399",0.707981454603352
"1600","randomForest_1400",0.55642567442482
"1601","ranger_1001",1.19843261549741
"1602","ranger_1002",0.700154312651921
"1603","ranger_1003",1.2057546484893
"1604","ranger_1004",0.724341841349928
"1605","ranger_1005",0.611355117118088
"1606","ranger_1006",1.14060740114069
"1607","ranger_1007",0.693378370577192
"1608","ranger_1008",1.13320656035808
"1609","ranger_1009",0.740176108001932
"1610","ranger_1010",1.09692319276903
"1611","ranger_1011",0.754242876342682
"1612","ranger_1012",1.19708152338621
"1613","ranger_1013",0.738092582688668
"1614","ranger_1014",0.730174610922214
"1615","ranger_1015",0.652841206098583
"1616","ranger_1016",0.675361033875081
"1617","ranger_1017",1.15802134290887
"1618","ranger_1018",1.10615081431667
"1619","ranger_1019",0.759619112340852
"1620","ranger_1020",1.15207267796851
"1621","ranger_1021",0.70625653065551
"1622","ranger_1022",1.14959416184425
"1623","ranger_1023",0.677321371616581
"1624","ranger_1024",0.734630565625825
"1625","ranger_1025",0.730334015049001
"1626","ranger_1026",1.14773410966694
"1627","ranger_1027",1.1868393332796
"1628","ranger_1028",1.1344347809143
"1629","ranger_1029",1.18422534907889
"1630","ranger_1030",0.695511937354319
"1631","ranger_1031",0.757318998171403
"1632","ranger_1032",1.22919198194485
"1633","ranger_1033",1.21032635840414
"1634","ranger_1034",0.704946176838081
"1635","ranger_1035",0.540339904142443
"1636","ranger_1036",0.632186314962201
"1637","ranger_1037",0.948354447726291
"1638","ranger_1038",0.737118805409903
"1639","ranger_1039",1.21775289447867
"1640","ranger_1040",0.763915955979259
"1641","ranger_1041",0.761091167282627
"1642","ranger_1042",1.07195121713696
"1643","ranger_1043",0.573610264764528
"1644","ranger_1044",0.714629972283718
"1645","ranger_1045",1.13195877126736
"1646","ranger_1046",1.15625894137011
"1647","ranger_1047",0.7405804765915
"1648","ranger_1048",1.22433499931888
"1649","ranger_1049",0.637963363551789
"1650","ranger_1050",0.767159433763823
"1651","ranger_1051",0.757179767682498
"1652","ranger_1052",0.633166259105023
"1653","ranger_1053",1.08475296119641
"1654","ranger_1054",0.655067244816441
"1655","ranger_1055",1.01612405881428
"1656","ranger_1056",1.10441257026299
"1657","ranger_1057",0.620283953941175
"1658","ranger_1058",0.671029258235451
"1659","ranger_1059",0.731553046355187
"1660","ranger_1060",0.606052859769076
"1661","ranger_1061",0.75119275414509
"1662","ranger_1062",0.679010809304054
"1663","ranger_1063",0.621982989209804
"1664","ranger_1064",1.13988542973936
"1665","ranger_1065",1.14620380146039
"1666","ranger_1066",1.00256748268813
"1667","ranger_1067",0.654785054248641
"1668","ranger_1068",0.743955467561527
"1669","ranger_1069",1.13427354578711
"1670","ranger_1070",1.02944350029854
"1671","ranger_1071",0.948223017040914
"1672","ranger_1072",0.748831797887261
"1673","ranger_1073",1.1564662189369
"1674","ranger_1074",1.02813385649353
"1675","ranger_1075",1.10409112482454
"1676","ranger_1076",0.739511964650739
"1677","ranger_1077",0.933742597194501
"1678","ranger_1078",1.03660353809121
"1679","ranger_1079",1.15014090624319
"1680","ranger_1080",0.74105518686654
"1681","ranger_1081",0.616762013363101
"1682","ranger_1082",1.10704932298617
"1683","ranger_1083",1.17256251644053
"1684","ranger_1084",1.16771118205881
"1685","ranger_1085",1.14368697270504
"1686","ranger_1086",0.766330057640347
"1687","ranger_1087",1.04945852419644
"1688","ranger_1088",0.9857716115052
"1689","ranger_1089",0.741182459965265
"1690","ranger_1090",0.732091237472145
"1691","ranger_1091",0.712713582705676
"1692","ranger_1092",1.04416603623191
"1693","ranger_1093",0.67235431315106
"1694","ranger_1094",0.677981990694154
"1695","ranger_1095",0.752718776014466
"1696","ranger_1096",1.09610086355767
"1697","ranger_1097",0.766037424917383
"1698","ranger_1098",0.71840922151792
"1699","ranger_1099",1.22988772487426
"1700","ranger_1100",1.10481487504557
"1701","ranger_1101",1.16124245335994
"1702","ranger_1102",0.728451008674157
"1703","ranger_1103",0.696030048218346
"1704","ranger_1104",1.12895191498938
"1705","ranger_1105",1.19582543310184
"1706","ranger_1106",0.748298149085137
"1707","ranger_1107",0.751412650043027
"1708","ranger_1108",0.689078247786994
"1709","ranger_1109",1.1615124254912
"1710","ranger_1110",0.792575444818683
"1711","ranger_1111",1.21597078816214
"1712","ranger_1112",0.695928465501223
"1713","ranger_1113",0.741434795275289
"1714","ranger_1114",1.15369970263429
"1715","ranger_1115",1.1995616078379
"1716","ranger_1116",1.05588881397908
"1717","ranger_1117",1.07589325040808
"1718","ranger_1118",1.04106605724855
"1719","ranger_1119",0.664495402971904
"1720","ranger_1120",1.2086238298482
"1721","ranger_1121",1.20425393265922
"1722","ranger_1122",0.626586096204145
"1723","ranger_1123",0.779337122020084
"1724","ranger_1124",0.762366736034833
"1725","ranger_1125",1.10380428604915
"1726","ranger_1126",0.616169202147932
"1727","ranger_1127",0.738101866866203
"1728","ranger_1128",1.13845289506493
"1729","ranger_1129",1.04947386119509
"1730","ranger_1130",0.747702546468382
"1731","ranger_1131",0.63537787344475
"1732","ranger_1132",0.695196201304959
"1733","ranger_1133",1.09120189393145
"1734","ranger_1134",1.19658080603709
"1735","ranger_1135",0.630423633210242
"1736","ranger_1136",1.13445526486819
"1737","ranger_1137",1.09140549284576
"1738","ranger_1138",0.985989295591175
"1739","ranger_1139",0.699074685645414
"1740","ranger_1140",0.775975652177101
"1741","ranger_1141",1.13124535648751
"1742","ranger_1142",0.960999771979597
"1743","ranger_1143",1.12675738121845
"1744","ranger_1144",0.685158216672647
"1745","ranger_1145",1.23920995196476
"1746","ranger_1146",1.15513527664077
"1747","ranger_1147",1.13188260730488
"1748","ranger_1148",0.669153556012563
"1749","ranger_1149",0.741941083773089
"1750","ranger_1150",0.699527528634773
"1751","ranger_1151",1.23401357574856
"1752","ranger_1152",0.728949780748575
"1753","ranger_1153",1.1215487823498
"1754","ranger_1154",0.702807743937955
"1755","ranger_1155",0.753572721011017
"1756","ranger_1156",1.14371340509382
"1757","ranger_1157",1.03632297368604
"1758","ranger_1158",1.05990110454624
"1759","ranger_1159",0.735975841246186
"1760","ranger_1160",0.75099591499063
"1761","ranger_1161",0.725065521893692
"1762","ranger_1162",0.649144940076758
"1763","ranger_1163",0.750131844280546
"1764","ranger_1164",1.04446260042797
"1765","ranger_1165",1.16343531854978
"1766","ranger_1166",1.16996438801224
"1767","ranger_1167",0.705962920027833
"1768","ranger_1168",0.626823553499387
"1769","ranger_1169",1.17996019790315
"1770","ranger_1170",1.1307167877701
"1771","ranger_1171",1.09607313758153
"1772","ranger_1172",1.14184825711569
"1773","ranger_1173",1.19038459752386
"1774","ranger_1174",0.764135650136877
"1775","ranger_1175",0.762226018275988
"1776","ranger_1176",0.7532869913686
"1777","ranger_1177",1.16645899478479
"1778","ranger_1178",1.16227805210354
"1779","ranger_1179",1.10923439687248
"1780","ranger_1180",1.21169150985341
"1781","ranger_1181",1.2386254627188
"1782","ranger_1182",1.08748476200702
"1783","ranger_1183",0.729152987196493
"1784","ranger_1184",1.13800002569249
"1785","ranger_1185",1.17690450691872
"1786","ranger_1186",0.754109743892979
"1787","ranger_1187",0.7095293230232
"1788","ranger_1188",1.20280766035843
"1789","ranger_1189",1.10107348192874
"1790","ranger_1190",0.77279894271425
"1791","ranger_1191",0.712431293798944
"1792","ranger_1192",1.1929174293033
"1793","ranger_1193",1.13034718445319
"1794","ranger_1194",0.759700058147379
"1795","ranger_1195",0.943311424464949
"1796","ranger_1196",1.10935221423526
"1797","ranger_1197",1.07811541451276
"1798","ranger_1198",0.663901392009458
"1799","ranger_1199",0.753765994556988
"1800","ranger_1200",1.11567199503647
"1801","ranger_1201",0.732527721385896
"1802","ranger_1202",0.758899176805163
"1803","ranger_1203",0.677663291103577
"1804","ranger_1204",1.04240642671439
"1805","ranger_1205",1.04598050480301
"1806","ranger_1206",0.713332150102392
"1807","ranger_1207",1.21013221925269
"1808","ranger_1208",1.1918833597153
"1809","ranger_1209",0.709200026862702
"1810","ranger_1210",1.14101248920414
"1811","ranger_1211",0.773390051202242
"1812","ranger_1212",0.619869397133358
"1813","ranger_1213",0.728599315243994
"1814","ranger_1214",0.585799078112527
"1815","ranger_1215",0.748146526008669
"1816","ranger_1216",1.16988823449453
"1817","ranger_1217",0.710840002619863
"1818","ranger_1218",1.19981227132256
"1819","ranger_1219",0.691238517007921
"1820","ranger_1220",1.14345036176073
"1821","ranger_1221",0.751598150794983
"1822","ranger_1222",1.08898453713549
"1823","ranger_1223",1.15033306954393
"1824","ranger_1224",0.726001293642916
"1825","ranger_1225",0.763125666727559
"1826","ranger_1226",0.69594660989318
"1827","ranger_1227",0.631125595567926
"1828","ranger_1228",0.646155022987005
"1829","ranger_1229",0.990455812206287
"1830","ranger_1230",0.708715921349887
"1831","ranger_1231",1.06605476265709
"1832","ranger_1232",0.641387562530641
"1833","ranger_1233",1.0938777698448
"1834","ranger_1234",1.06937598376662
"1835","ranger_1235",0.635645411701128
"1836","ranger_1236",1.1153900303998
"1837","ranger_1237",0.99505585005709
"1838","ranger_1238",0.626197574889694
"1839","ranger_1239",0.790182204840474
"1840","ranger_1240",0.758457329930057
"1841","ranger_1241",0.743710522188843
"1842","ranger_1242",0.698691391785967
"1843","ranger_1243",0.640319442121653
"1844","ranger_1244",1.01806554748166
"1845","ranger_1245",1.22204100671562
"1846","ranger_1246",0.774061142668138
"1847","ranger_1247",1.04729918518553
"1848","ranger_1248",1.157538987447
"1849","ranger_1249",0.774199870579056
"1850","ranger_1250",0.709723860217167
"1851","ranger_1251",0.758723368227606
"1852","ranger_1252",1.03635760941972
"1853","ranger_1253",0.751597281640223
"1854","ranger_1254",0.602258232442538
"1855","ranger_1255",0.501149841130174
"1856","ranger_1256",1.22848662214808
"1857","ranger_1257",0.760563414003026
"1858","ranger_1258",1.08697148464669
"1859","ranger_1259",1.0619857175598
"1860","ranger_1260",0.671778300164256
"1861","ranger_1261",1.20083418059866
"1862","ranger_1262",0.695026395814938
"1863","ranger_1263",1.0379126235786
"1864","ranger_1264",1.20527917102204
"1865","ranger_1265",1.18865730847493
"1866","ranger_1266",1.08080315250976
"1867","ranger_1267",1.08988932592317
"1868","ranger_1268",0.750177808432285
"1869","ranger_1269",0.721447521859144
"1870","ranger_1270",0.745516416694336
"1871","ranger_1271",0.683361459161431
"1872","ranger_1272",1.22622787771167
"1873","ranger_1273",0.754222713384792
"1874","ranger_1274",0.736015089959212
"1875","ranger_1275",1.17277109455051
"1876","ranger_1276",0.750203277516197
"1877","ranger_1277",1.17539812700365
"1878","ranger_1278",1.00629652782033
"1879","ranger_1279",0.721759282117037
"1880","ranger_1280",1.1823573557586
"1881","ranger_1281",0.758253227754889
"1882","ranger_1282",0.942461212381638
"1883","ranger_1283",1.16670867444513
"1884","ranger_1284",1.07917098110499
"1885","ranger_1285",0.773121892568588
"1886","ranger_1286",0.773814468733391
"1887","ranger_1287",1.13143958838351
"1888","ranger_1288",0.503928049087338
"1889","ranger_1289",1.10639025767929
"1890","ranger_1290",1.12256449384298
"1891","ranger_1291",0.700813363157351
"1892","ranger_1292",1.20403546061544
"1893","ranger_1293",1.03482016098279
"1894","ranger_1294",0.666971222106433
"1895","ranger_1295",1.15815659406387
"1896","ranger_1296",0.672351229719652
"1897","ranger_1297",0.746777549137742
"1898","ranger_1298",1.13958856240058
"1899","ranger_1299",1.17092211594743
"1900","ranger_1300",0.979720256111844
"1901","ranger_1301",1.13479253448271
"1902","ranger_1302",1.15262413096888
"1903","ranger_1303",0.534797467900464
"1904","ranger_1304",1.15901603033766
"1905","ranger_1305",0.719262635281225
"1906","ranger_1306",0.720663318152868
"1907","ranger_1307",0.767971160041565
"1908","ranger_1308",1.04895515676275
"1909","ranger_1309",0.722341821580241
"1910","ranger_1310",0.743896229465984
"1911","ranger_1311",1.10565831865083
"1912","ranger_1312",0.682178918877351
"1913","ranger_1313",1.18675196615431
"1914","ranger_1314",0.559987395562804
"1915","ranger_1315",1.01937120574271
"1916","ranger_1316",1.19871247638453
"1917","ranger_1317",0.749325841295649
"1918","ranger_1318",0.711973348538851
"1919","ranger_1319",0.683917370132378
"1920","ranger_1320",1.13200086591775
"1921","ranger_1321",1.03452059216781
"1922","ranger_1322",0.655069447588441
"1923","ranger_1323",0.601460481482194
"1924","ranger_1324",1.11352327751182
"1925","ranger_1325",1.09294317305603
"1926","ranger_1326",0.633897284112271
"1927","ranger_1327",0.721178909159709
"1928","ranger_1328",1.16886997365278
"1929","ranger_1329",1.22999972438093
"1930","ranger_1330",0.632906957981432
"1931","ranger_1331",0.63765350237005
"1932","ranger_1332",0.792957536024792
"1933","ranger_1333",1.14710879765587
"1934","ranger_1334",0.70739800534517
"1935","ranger_1335",0.713706059201691
"1936","ranger_1336",1.14636685909416
"1937","ranger_1337",0.703299045160818
"1938","ranger_1338",0.772272295730788
"1939","ranger_1339",1.20068341927973
"1940","ranger_1340",1.02667390034316
"1941","ranger_1341",1.18488209788732
"1942","ranger_1342",1.03877543119732
"1943","ranger_1343",1.09813983281437
"1944","ranger_1344",0.710828054428067
"1945","ranger_1345",0.595707585004129
"1946","ranger_1346",1.02646196504965
"1947","ranger_1347",0.673236812029676
"1948","ranger_1348",1.22383545839313
"1949","ranger_1349",1.18577407970881
"1950","ranger_1350",0.658245222257588
"1951","ranger_1351",0.753585343511121
"1952","ranger_1352",0.766053894538978
"1953","ranger_1353",1.04899913022143
"1954","ranger_1354",1.07235538444565
"1955","ranger_1355",0.737593280759281
"1956","ranger_1356",0.662438828431346
"1957","ranger_1357",0.742707211658908
"1958","ranger_1358",1.20018433196943
"1959","ranger_1359",1.14366485809608
"1960","ranger_1360",1.19363896171887
"1961","ranger_1361",0.703449865420849
"1962","ranger_1362",0.710643399359449
"1963","ranger_1363",0.741944555402741
"1964","ranger_1364",0.718776485441514
"1965","ranger_1365",1.19847097279152
"1966","ranger_1366",1.16003163420239
"1967","ranger_1367",0.736817164721401
"1968","ranger_1368",1.21751954080913
"1969","ranger_1369",0.665949847021633
"1970","ranger_1370",1.14723330281076
"1971","ranger_1371",1.03111085235233
"1972","ranger_1372",1.09969160135523
"1973","ranger_1373",0.737845761306433
"1974","ranger_1374",0.992268086286983
"1975","ranger_1375",1.09665300980931
"1976","ranger_1376",0.733508494949322
"1977","ranger_1377",0.773131775032116
"1978","ranger_1378",1.02391242945412
"1979","ranger_1379",0.961250724019626
"1980","ranger_1380",0.749682052643136
"1981","ranger_1381",0.75865064843583
"1982","ranger_1382",0.711049545129869
"1983","ranger_1383",1.10049266913599
"1984","ranger_1384",1.14863509776139
"1985","ranger_1385",0.759667278502244
"1986","ranger_1386",0.730776223860992
"1987","ranger_1387",0.546159414851133
"1988","ranger_1388",1.23315990312322
"1989","ranger_1389",0.652274914031337
"1990","ranger_1390",1.02313278718958
"1991","ranger_1391",0.727254517584666
"1992","ranger_1392",1.21614324530494
"1993","ranger_1393",1.11186145897739
"1994","ranger_1394",0.722603947266821
"1995","ranger_1395",1.23638414644245
"1996","ranger_1396",0.746985904140314
"1997","ranger_1397",1.08857204347588
"1998","ranger_1398",0.743260238690893
"1999","ranger_1399",0.755100197062742
"2000","ranger_1400",1.02216908573642
